Source,Target,Weight
YouTuber,://,3
YouTuber,addison ray,3
YouTuber,adler,1
YouTuber,adonis,1
YouTuber,alfred hitchcock,1
YouTuber,ali,2
YouTuber,alicia marie,1
YouTuber,aliyev harding,1
YouTuber,all,2
YouTuber,alvin,1
YouTuber,amanda,155
YouTuber,amanda peet,1
YouTuber,amandas,3
YouTuber,amelia,2
YouTuber,amy,1
YouTuber,andre,8
YouTuber,andrea,1
YouTuber,andrea andrea andrea,1
YouTuber,angel,1
YouTuber,animoto,1
YouTuber,anna,1
YouTuber,anna jaddu,1
YouTuber,annie,1
YouTuber,arena,1
YouTuber,ariana,1
YouTuber,ariana grande,1
YouTuber,ariel,1
YouTuber,ariel lily,1
YouTuber,asher,2
YouTuber,asmr,1
YouTuber,aspen,1
YouTuber,assad,1
YouTuber,avrey ovard,2
YouTuber,axl,1
YouTuber,baby spice,1
YouTuber,bae,5
YouTuber,bambi,1
YouTuber,barack obama,1
YouTuber,barbara lover,1
YouTuber,barla catherine,1
YouTuber,barmes,1
YouTuber,barrington,1
YouTuber,beats,1
YouTuber,bella hadid,1
YouTuber,bella hoodie,1
YouTuber,belle,1
YouTuber,ben,1
YouTuber,benin jerri larry,1
YouTuber,betsy johnson,2
YouTuber,betty crocker,1
YouTuber,beyonce,5
YouTuber,beyoncé,1
YouTuber,bigfoot,9
YouTuber,biggie,2
YouTuber,bill veck,1
YouTuber,billy eilish,2
YouTuber,billy sam,1
YouTuber,blanks,1
YouTuber,blonde,2
YouTuber,bo,2
YouTuber,bob ross,1
YouTuber,bobby,1
YouTuber,bobby flay,1
YouTuber,bobby vinton,2
YouTuber,bohdi,1
YouTuber,bon jovi,1
YouTuber,bousfield,1
YouTuber,bowbow chamberlain,1
YouTuber,boy pablo,1
YouTuber,brandi,1
YouTuber,brandis,1
YouTuber,brandy,2
YouTuber,brandy melville,3
YouTuber,branson,1
YouTuber,brenda,1
YouTuber,brian oh,1
YouTuber,britney,3
YouTuber,britney spears,7
YouTuber,britta,1
YouTuber,broderick,1
YouTuber,brown,2
YouTuber,bruno mars,1
YouTuber,bryant,3
YouTuber,buddy,1
YouTuber,burt,1
YouTuber,buzz lightyear,1
YouTuber,cailin,1
YouTuber,caillou,4
YouTuber,callie kaiser,1
YouTuber,calvin klein,1
YouTuber,cameron,1
YouTuber,cameron dalas,1
YouTuber,camryn,1
YouTuber,captain,1
YouTuber,cardi b,2
YouTuber,cardi b.,1
YouTuber,carlina,1
YouTuber,carly,2
YouTuber,carmack,2
YouTuber,casey,8
YouTuber,casey musgraves,1
YouTuber,casey muskraves,1
YouTuber,casey neistat,5
YouTuber,casey nice,1
YouTuber,casper,1
YouTuber,catherine,1
YouTuber,cee lo green,1
YouTuber,chamberlain,311
YouTuber,chamberlin,1
YouTuber,chandler,1
YouTuber,charlie demilio,1
YouTuber,charlotte tilbury,1
YouTuber,chef boyardee,1
YouTuber,chester,1
YouTuber,chinna mojo,1
YouTuber,chitty,1
YouTuber,chris brown,1
YouTuber,chrissy,1
YouTuber,christina aguilera,2
YouTuber,christopher,1
YouTuber,claire,5
YouTuber,cody,19
YouTuber,cody ko,3
YouTuber,cody tell hilarious,1
YouTuber,codyko,1
YouTuber,cody’s,1
YouTuber,cole sprouse,8
YouTuber,colleen,1
YouTuber,csun,1
YouTuber,curtis danny,1
YouTuber,dad,3
YouTuber,darth vader,1
YouTuber,dave,1
YouTuber,david,17
YouTuber,david dobrik,18
YouTuber,david dover,1
YouTuber,debbie,1
YouTuber,declan,49
YouTuber,declan devlin,1
YouTuber,declan mckenna,1
YouTuber,denzel,1
YouTuber,denzel dion,1
YouTuber,derek,1
YouTuber,derek hosmer,1
YouTuber,derrick,1
YouTuber,dixie,6
YouTuber,dixie emilio,1
YouTuber,doc,1
YouTuber,doc martens,8
YouTuber,dodge,1
YouTuber,dolan,2
YouTuber,dolan twins,4
YouTuber,doris day,1
YouTuber,dote,4
YouTuber,dr,1
YouTuber,dr. phil,1
YouTuber,dr. pimple popper,1
YouTuber,draco malfoy,2
YouTuber,drake,2
YouTuber,drew,4
YouTuber,drewphillips,3
YouTuber,drew’s,2
YouTuber,dwayne johnson,2
YouTuber,dwayne the rock,1
YouTuber,dwight,1
YouTuber,dylan,2
YouTuber,dylan jordan,2
YouTuber,dylanjordan,1
YouTuber,e,1
YouTuber,eber,1
YouTuber,edward cullen,1
YouTuber,efron,2
YouTuber,eggen,1
YouTuber,ella bennett,1
YouTuber,elle,20
YouTuber,elle mills,4
YouTuber,elle mills',1
YouTuber,elle.mills,1
YouTuber,ellen,5
YouTuber,ellie,47
YouTuber,ellie goulding,1
YouTuber,ellie thumann,7
YouTuber,elliot,1
YouTuber,elliot elliot,1
YouTuber,elon musk,3
YouTuber,elton john,8
YouTuber,elvis,5
YouTuber,elvis presley,1
YouTuber,emily,4
YouTuber,emily gruber,2
YouTuber,emma,1019
YouTuber,emma  chamberlain,1
YouTuber,emma cham b,1
YouTuber,emma chamberlain,511
YouTuber,emma chamberland,1
YouTuber,emma chamberlin,1
YouTuber,emma chambie,3
YouTuber,emma champy,1
YouTuber,emma emma,1
YouTuber,emma emma emma,2
YouTuber,emma frances chamberlain,48
YouTuber,emma francis chamberlain,1
YouTuber,emma wifey,1
YouTuber,emma's,1
YouTuber,emmachamberlain,5
YouTuber,emmachambie,5
YouTuber,emmas,5
YouTuber,enema,1
YouTuber,enya,6
YouTuber,enya’s,4
YouTuber,eric,1
YouTuber,erica,1
YouTuber,erwin,1
YouTuber,ethan,57
YouTuber,ethan dolan,1
YouTuber,ethans,8
YouTuber,farrah,1
YouTuber,fergalicious,1
YouTuber,fiona frills,2
YouTuber,fitz,1
YouTuber,flashback mary,1
YouTuber,flat stanley,1
YouTuber,flo rida,1
YouTuber,francesca,1
YouTuber,francis,1
YouTuber,frankie,14
YouTuber,frannie,1
YouTuber,fred,6
YouTuber,freelee,1
YouTuber,frelee the banana girl,1
YouTuber,frickin,1
YouTuber,frisco,1
YouTuber,gabe,1
YouTuber,gaede,1
YouTuber,garry,1
YouTuber,gary,1
YouTuber,geordie shored,1
YouTuber,george orwell,2
YouTuber,giddens,1
YouTuber,gillian,5
YouTuber,gillie,2
YouTuber,god,59
YouTuber,god jesus,1
YouTuber,god karen,1
YouTuber,goldfish,1
YouTuber,good marni,1
YouTuber,gordon,1
YouTuber,gordon ramsay,3
YouTuber,goteem,1
YouTuber,grace,13
YouTuber,graham,1
YouTuber,grandma,1
YouTuber,grandpa,2
YouTuber,gray,1
YouTuber,grayson,57
YouTuber,grayson dolan,1
YouTuber,grayson james,1
YouTuber,graysondolan,1
YouTuber,grinch,1
YouTuber,gumby,4
YouTuber,gurjit,1
YouTuber,guy fieri,4
YouTuber,gwen stefani,2
YouTuber,hailey sani,2
YouTuber,haileysani,2
YouTuber,haley bieber,1
YouTuber,haley sany sany sany,1
YouTuber,hamid,1
YouTuber,han,2
YouTuber,handa,1
YouTuber,hank,1
YouTuber,hanna,3
YouTuber,hannah,30
YouTuber,hannah meloche,8
YouTuber,hannah montana,3
YouTuber,harambee,1
YouTuber,harry potter,4
YouTuber,harry styles,12
YouTuber,hayes grier,1
YouTuber,haze,1
YouTuber,heffley,1
YouTuber,henry lynn,1
YouTuber,henry viii,1
YouTuber,herbert,1
YouTuber,herman,2
YouTuber,herman mickey mouse,1
YouTuber,herman munster,3
YouTuber,hiram,3
YouTuber,hoe,1
YouTuber,holmes,1
YouTuber,holzman,1
YouTuber,honey,1
YouTuber,hope,1
YouTuber,hugh,1
YouTuber,i,1
YouTuber,i swizz,1
YouTuber,i'ma,1
YouTuber,ice,1
YouTuber,iggy azalea,1
YouTuber,imma,1
YouTuber,isaac,1
YouTuber,isabella,2
YouTuber,isaiah issac,1
YouTuber,isis,1
YouTuber,iva,1
YouTuber,jack,4
YouTuber,jack and jill,1
YouTuber,jack sparrow,2
YouTuber,jackie,1
YouTuber,jackson,1
YouTuber,jacob,1
YouTuber,jacqueline,1
YouTuber,jake,1
YouTuber,jake paul,7
YouTuber,jake paul logan,1
YouTuber,jake paulers,1
YouTuber,jake-jake-jake paul,1
YouTuber,james,75
YouTuber,james caird,1
YouTuber,james charles,25
YouTuber,james charles stan,1
YouTuber,james charles’,1
YouTuber,james emma,1
YouTuber,james sothis,1
YouTuber,james',1
YouTuber,jango,1
YouTuber,jarrod,1
YouTuber,jason,7
YouTuber,jason derulo,1
YouTuber,jason knapp,1
YouTuber,jason nash,9
YouTuber,jay thieves,1
YouTuber,jay-z,1
YouTuber,jay-z.,2
YouTuber,jazzy gazi garcia,1
YouTuber,jc,1
YouTuber,jean paul gaultier,1
YouTuber,jean paul gautier,1
YouTuber,jedda,1
YouTuber,jedi,1
YouTuber,jeff,1
YouTuber,jeff boyardee,1
YouTuber,jeff_kaale,6
YouTuber,jeffery,2
YouTuber,jeffree star,3
YouTuber,jeffrey,1
YouTuber,jeffrey starr,1
YouTuber,jeffthibodeauco,1
YouTuber,jelena,1
YouTuber,jen,1
YouTuber,jenin,1
YouTuber,jennxpenn,2
YouTuber,jerry,2
YouTuber,jesse rose,1
YouTuber,jessica,1
YouTuber,jessica just,1
YouTuber,jesus,13
YouTuber,jesus christ,18
YouTuber,jesus christ himself,1
YouTuber,jesus crist,1
YouTuber,jill,1
YouTuber,jillian,3
YouTuber,jim,4
YouTuber,jim charles,1
YouTuber,jim sesh,1
YouTuber,jimmy,3
YouTuber,jk,1
YouTuber,jlo,1
YouTuber,joakim karud,78
YouTuber,joakimkarud,78
YouTuber,joe,2
YouTuber,joe's,5
YouTuber,joey,1
YouTuber,john,1
YouTuber,john george,1
YouTuber,john lennon,1
YouTuber,john mayer,1
YouTuber,johnny,1
YouTuber,jojo,21
YouTuber,jojo siwa,2
YouTuber,jokowi marty,1
YouTuber,jonah jango,1
YouTuber,jonathan,1
YouTuber,jonathan krab 360,1
YouTuber,josh,3
YouTuber,josh’s,1
YouTuber,josie,5
YouTuber,jpn,1
YouTuber,judas,1
YouTuber,judy odom,1
YouTuber,jughead,1
YouTuber,juna,1
YouTuber,justin bieber,6
YouTuber,kaelyn,1
YouTuber,kaheamartin,1
YouTuber,kailyn,2
YouTuber,kalylnn corey,1
YouTuber,kalynn,31
YouTuber,kalynn corey,2
YouTuber,kalynn koury,2
YouTuber,kalynns,4
YouTuber,kanye,3
YouTuber,kanye west,3
YouTuber,kardashian,2
YouTuber,kardashians,3
YouTuber,kate,1
YouTuber,katy perry,1
YouTuber,kayleen,1
YouTuber,kaylnn,1
YouTuber,kaylynn,1
YouTuber,kc,1
YouTuber,keira,3
YouTuber,kelsey,7
YouTuber,kelseykreppel,2
YouTuber,kelsey’s,1
YouTuber,ken,1
YouTuber,kevin,4
YouTuber,kevin macleod,5
YouTuber,kim kardashian,3
YouTuber,kim skins,1
YouTuber,kinder blumen,1
YouTuber,king george,1
YouTuber,kip,1
YouTuber,kitty,2
YouTuber,kody,1
YouTuber,kourtney,1
YouTuber,kyle,1
YouTuber,kylie,2
YouTuber,kylie jenner,4
YouTuber,la roux,2
YouTuber,labrie,1
YouTuber,lady diana,3
YouTuber,lady gaga,3
YouTuber,laura mercier,1
YouTuber,laura scutter,1
YouTuber,laurel,2
YouTuber,lauren,1
YouTuber,leary,1
YouTuber,leigh,1
YouTuber,levi,2
YouTuber,lexie,3
YouTuber,libby,1
YouTuber,lil moop,1
YouTuber,lil pump,5
YouTuber,lil xan,2
YouTuber,lilly,9
YouTuber,lilly wolfe photography,1
YouTuber,lily,50
YouTuber,lily maria,1
YouTuber,lily reve,1
YouTuber,lily’s,2
YouTuber,lincoln mayo,1
YouTuber,lindsay,2
YouTuber,lindsay lohan,1
YouTuber,link,1
YouTuber,link red,1
YouTuber,lisa,1
YouTuber,lisa frank,2
YouTuber,listen,1
YouTuber,liv vargus,1
YouTuber,liza koshy,2
YouTuber,logan,1
YouTuber,loki,3
YouTuber,lord,3
YouTuber,loren,1
YouTuber,louie vuitton,10
YouTuber,louis,1
YouTuber,louis vuitton,32
YouTuber,louise,1
YouTuber,loveeeeee,1
YouTuber,lucas,1
YouTuber,lydia,3
YouTuber,mac demarco,9
YouTuber,maggie,1
YouTuber,mail fanny,1
YouTuber,mallya dick,1
YouTuber,mami moop,1
YouTuber,mandela,6
YouTuber,marc jacobs,3
YouTuber,marcus ethan,1
YouTuber,marcus’,1
YouTuber,mario,1
YouTuber,mario badescu,1
YouTuber,marla,8
YouTuber,marla catherine,4
YouTuber,marla catherine’s,1
YouTuber,marla’s,2
YouTuber,marlon bush,1
YouTuber,martha stewart,1
YouTuber,martin,1
YouTuber,martinez rose,1
YouTuber,mary kate,2
YouTuber,matilda,1
YouTuber,matt,2
YouTuber,matt demarco,1
YouTuber,matt khan,2
YouTuber,matt marco,1
YouTuber,matt williams,1
YouTuber,matthew,2
YouTuber,maxon,1
YouTuber,mckenzie luskey,1
YouTuber,me,1
YouTuber,megan,2
YouTuber,megan fox,4
YouTuber,mel joy,1
YouTuber,melis,1
YouTuber,merch frick,1
YouTuber,merch lincoln,1
YouTuber,mia,1
YouTuber,mia denny,1
YouTuber,michael,1
YouTuber,michael buble,2
YouTuber,michael chamberlain,6
YouTuber,michaels,1
YouTuber,michelangelo,1
YouTuber,michelle rosen michael,1
YouTuber,mickey mouse,3
YouTuber,mike,2
YouTuber,miley cyrus,4
YouTuber,mimi,1
YouTuber,miranda sings,1
YouTuber,miss,1
YouTuber,miss remy ashton,1
YouTuber,mom,1
YouTuber,mom mommy,1
YouTuber,momma chamberlain,1
YouTuber,morgan,1
YouTuber,mother nature,1
YouTuber,mr b,1
YouTuber,mr beast,2
YouTuber,mr. scruffins,1
YouTuber,ms,1
YouTuber,murch,1
YouTuber,muse,1
YouTuber,my emma,1
YouTuber,napa,6
YouTuber,napoleon dynamite,1
YouTuber,nash,4
YouTuber,nash grier,1
YouTuber,nate,1
YouTuber,nate man,1
YouTuber,navis,1
YouTuber,nelly,2
YouTuber,niall aires,1
YouTuber,nice,1
YouTuber,nick,2
YouTuber,nick lang,1
YouTuber,nicki minaj,2
YouTuber,nicole,2
YouTuber,niels niels of steel,1
YouTuber,nikola,1
YouTuber,ninja,5
YouTuber,noah cyrus,4
YouTuber,noel,1
YouTuber,og man con,1
YouTuber,oh,2
YouTuber,oh god,1
YouTuber,oh rhett,1
YouTuber,oliver,2
YouTuber,olivia,74
YouTuber,olivia jade,2
YouTuber,olivia o'brien,1
YouTuber,olivia rouyre,1
YouTuber,ombre,2
YouTuber,oprah,3
YouTuber,paige,1
YouTuber,pam,3
YouTuber,paracel,1
YouTuber,paris hilton,8
YouTuber,parker,1
YouTuber,patrick,1
YouTuber,patrick church,1
YouTuber,patty,2
YouTuber,paul anka,1
YouTuber,paul frank,3
YouTuber,paul lele,1
YouTuber,paul mccartney,4
YouTuber,paul smith,2
YouTuber,paula deen,2
YouTuber,paulie,2
YouTuber,paulo,1
YouTuber,pauly,1
YouTuber,pauly d.,1
YouTuber,paxton,1
YouTuber,pewdiepie,2
YouTuber,phil,17
YouTuber,philz,2
YouTuber,pin,1
YouTuber,pin lord,1
YouTuber,polina,1
YouTuber,polly,1
YouTuber,pope,1
YouTuber,popin cookin,1
YouTuber,popo,1
YouTuber,poppy lissiman,1
YouTuber,postman,2
YouTuber,princess paul,1
YouTuber,princess paulie,2
YouTuber,princess polly,1
YouTuber,pumpkin,1
YouTuber,queen,3
YouTuber,rachael ray,1
YouTuber,ralph lauren,1
YouTuber,raymond,1
YouTuber,rayna,1
YouTuber,ream,5
YouTuber,reem,22
YouTuber,reems,2
YouTuber,reese,6
YouTuber,reme,2
YouTuber,rex,4
YouTuber,rheem,2
YouTuber,rick,2
YouTuber,rico,2
YouTuber,riley,1
YouTuber,riley archie,1
YouTuber,ronnie,2
YouTuber,rose,1
YouTuber,roselia,1
YouTuber,rowan,1
YouTuber,roxy,1
YouTuber,rudolph,1
YouTuber,russell,1
YouTuber,ryan,1
YouTuber,ryder,1
YouTuber,sally,1
YouTuber,salvador dali,1
YouTuber,sammy,2
YouTuber,sandra,5
YouTuber,sant,1
YouTuber,santa,57
YouTuber,santee,1
YouTuber,sara,4
YouTuber,sarah,1
YouTuber,sarah feeld,2
YouTuber,satan,3
YouTuber,see keith,2
YouTuber,selena,1
YouTuber,seuss,1
YouTuber,severus snape,1
YouTuber,shane,1
YouTuber,shane dawson,4
YouTuber,shawn,1
YouTuber,shay,1
YouTuber,sheera,1
YouTuber,shelby,1
YouTuber,shuggie,1
YouTuber,sidney carlton,1
YouTuber,siena mirabella,1
YouTuber,siena_mirabella,1
YouTuber,sienamirabella,1
YouTuber,sienaxmirabella,1
YouTuber,sienna mirabela,1
YouTuber,siobhan,1
YouTuber,siri,11
YouTuber,skrillex,1
YouTuber,slash crush,1
YouTuber,slyly,1
YouTuber,snape,2
YouTuber,sonny,1
YouTuber,sonya,1
YouTuber,sookie,1
YouTuber,sophia,1
YouTuber,spirited elizabeth bennett,1
YouTuber,spongebob,3
YouTuber,stacy dc,1
YouTuber,stella,1
YouTuber,steve jobs,1
YouTuber,stupid genius,4
YouTuber,summer mckean,1
YouTuber,summer mckeen,1
YouTuber,summer mckeen’s,1
YouTuber,summerset manga,1
YouTuber,summerset mom,1
YouTuber,sunny d,1
YouTuber,susan,2
YouTuber,susie,1
YouTuber,sweet,1
YouTuber,sylvie,2
YouTuber,taemin,1
YouTuber,taemin paula,2
YouTuber,tame impala,1
YouTuber,tamin paula,1
YouTuber,tana,7
YouTuber,tana mojo,4
YouTuber,tarek,1
YouTuber,taylor swift,2
YouTuber,thedolantwins,1
YouTuber,thomas emma,1
YouTuber,thunder,1
YouTuber,tiger woods,1
YouTuber,tim,3
YouTuber,timothy chalamet,1
YouTuber,timothy chalmay,1
YouTuber,timothy shalem,1
YouTuber,timothy shall,1
YouTuber,timothy xiaomi,1
YouTuber,tompa,1
YouTuber,tracey,1
YouTuber,trader joe,6
YouTuber,trader joes,1
YouTuber,travis bretzer,1
YouTuber,trisha paytas,1
YouTuber,true,1
YouTuber,vader,1
YouTuber,van gogh,8
YouTuber,vanessa hudgens,2
YouTuber,vincent de paul,1
YouTuber,vinny,1
YouTuber,von dutch,2
YouTuber,w somerset,1
YouTuber,walters,1
YouTuber,ward,1
YouTuber,wemma,1
YouTuber,wes10,2
YouTuber,weston,60
YouTuber,weston koury,2
YouTuber,whitney  houston,1
YouTuber,william sonoma,1
YouTuber,winnie the pooh,1
YouTuber,wow leavitt,1
YouTuber,wyatt,1
YouTuber,yanny,1
YouTuber,yo dobie,1
YouTuber,yoda,1
YouTuber,yoko ono,1
YouTuber,zac efron,2
YouTuber,zach,1
