Source,Target,Weight
YouTuber,emma,554
YouTuber,LOUIS VUITTON,4
YouTuber,TRADER JOES,1
YouTuber,JOJO SIWA,1
YouTuber,EMMA,10
YouTuber,SANTA,1
YouTuber,James Charles,15
YouTuber,Dolan Twins,1
YouTuber,god,1
YouTuber,DOLAN TWINS,3
YouTuber,JAMES CHARLES,6
YouTuber,POPIN COOKIN,1
YouTuber,PUMPKIN,1
YouTuber,EMMA'S,1
YouTuber,michael chamberlain,6
YouTuber,emma chamberlain,415
YouTuber,chamberlain,308
YouTuber,jeffthibodeauco,1
YouTuber,emma  chamberlain,1
YouTuber,emmachamberlain,5
YouTuber,emmachambie,4
YouTuber,louis vuitton,28
YouTuber,Emma,454
YouTuber,Stupid Genius,4
YouTuber,ethans,8
YouTuber,grayson,25
YouTuber,graysondolan,1
YouTuber,james,21
YouTuber,Kevin MacLeod,5
YouTuber,ethan,28
YouTuber,ELLIE THUMANN,7
YouTuber,ANDRE,3
YouTuber,jack and jill,1
YouTuber,HANNAH MELOCHE,6
YouTuber,WESTON KOURY,2
YouTuber,KALYNN KOURY,2
YouTuber,JAMES CHARLES’,1
YouTuber,TheDolanTwins,1
YouTuber,Emma Chamberlain,95
YouTuber,ELLE MILLS,2
YouTuber,wes10,2
YouTuber,elle.mills,1
YouTuber,SUMMER MCKEEN,1
YouTuber,OLIVIA ROUYRE,1
YouTuber,MCKENZIE LUSKEY,1
YouTuber,SIENA MIRABELLA,1
YouTuber,siena_mirabella,1
YouTuber,://,3
YouTuber,sienaxmirabella,1
YouTuber,sienamirabella,1
YouTuber,DYLAN JORDAN,1
YouTuber,dylanjordan,1
YouTuber,LIV VARGUS,1
YouTuber,DOTE,2
YouTuber,MARLA CATHERINE,2
YouTuber,AVREY OVARD,2
YouTuber,HAILEY SANI,2
YouTuber,FIONA FRILLS,2
YouTuber,SARAH FEELD,2
YouTuber,haileysani,2
YouTuber,ENYA’S,4
YouTuber,DREW’S,2
YouTuber,Drewphillips,2
YouTuber,JOSH’S,1
YouTuber,philz,1
YouTuber,drewphillips,1
YouTuber,MARLA CATHERINE’S,1
YouTuber,SUMMER MCKEEN’S,1
YouTuber,MARLA’S,2
YouTuber,Joakim Karud,78
YouTuber,JoakimKarud,78
YouTuber,Emma Frances Chamberlain,48
YouTuber,cody,8
YouTuber,KELSEY’S,1
YouTuber,kelseykreppel,2
YouTuber,CODY’S,1
YouTuber,codyko,1
YouTuber,bobby vinton,1
YouTuber,travis bretzer,1
YouTuber,Lil Pump,1
YouTuber,Lil Xan,1
YouTuber,Shuggie,1
YouTuber,Kinder Blumen,1
YouTuber,Paul Anka,1
YouTuber,Mac Demarco,2
YouTuber,Jpn,1
YouTuber,Kanye West,3
YouTuber,MARCUS’,1
YouTuber,LILY’S,2
YouTuber,BOHDI,1
YouTuber,Gillian,5
YouTuber,kaheamartin,1
YouTuber,jeff_kaale,6
YouTuber,Lily,47
YouTuber,Harry Styles,3
YouTuber,God Karen,1
YouTuber,Bo,2
YouTuber,Jesus,13
YouTuber,God,58
YouTuber,paul mccartney,4
YouTuber,jean paul gautier,1
YouTuber,jack,2
YouTuber,Claire,5
YouTuber,paul smith,2
YouTuber,van gogh,7
YouTuber,john george,1
YouTuber,Declan,32
YouTuber,declan,17
YouTuber,W Somerset,1
YouTuber,Elliot Elliot,1
YouTuber,Elliot,1
YouTuber,Princess Paulie,2
YouTuber,Paulie,2
YouTuber,Polly,1
YouTuber,oprah,2
YouTuber,joe's,5
YouTuber,elon musk,2
YouTuber,doc,1
YouTuber,kim skins,1
YouTuber,summerset mom,1
YouTuber,john mayer,1
YouTuber,charlotte tilbury,1
YouTuber,casey muskraves,1
YouTuber,casey musgraves,1
YouTuber,erwin,1
YouTuber,trader joe,6
YouTuber,cody ko,2
YouTuber,spirited elizabeth bennett,1
YouTuber,summerset manga,1
YouTuber,george orwell,2
YouTuber,oh,1
YouTuber,jim sesh,1
YouTuber,levi,2
YouTuber,ryder,1
YouTuber,jesus christ,2
YouTuber,ben,1
YouTuber,paxton,1
YouTuber,mac demarco,3
YouTuber,tamin paula,1
YouTuber,brandy melville,3
YouTuber,marc jacobs,3
YouTuber,paul frank,3
YouTuber,britney spears,2
YouTuber,betsy johnson,2
YouTuber,joe,2
YouTuber,trisha paytas,1
YouTuber,david dobrik,10
YouTuber,yo dobie,1
YouTuber,timothy xiaomi,1
YouTuber,muse,1
YouTuber,frankie,1
YouTuber,henry viii,1
YouTuber,alvin,1
YouTuber,jake paul,1
YouTuber,santee,1
YouTuber,winnie the pooh,1
YouTuber,mary kate,2
YouTuber,hannah montana,1
YouTuber,amanda,2
YouTuber,napoleon dynamite,1
YouTuber,blonde,2
YouTuber,draco malfoy,2
YouTuber,bella hadid,1
YouTuber,bella hoodie,1
YouTuber,emma wifey,1
YouTuber,olivia,14
YouTuber,dixie,6
YouTuber,nelly,1
YouTuber,haley bieber,1
YouTuber,lady diana,1
YouTuber,jean paul gaultier,1
YouTuber,tim,1
YouTuber,paulo,1
YouTuber,reese,5
YouTuber,princess polly,1
YouTuber,princess paul,1
YouTuber,hiram,3
YouTuber,laura scutter,1
YouTuber,katy perry,1
YouTuber,gordon ramsay,2
YouTuber,pewdiepie,2
YouTuber,david,4
YouTuber,denzel dion,1
YouTuber,denzel,1
YouTuber,arena,1
YouTuber,ariana grande,1
YouTuber,ariana,1
YouTuber,kardashian,2
YouTuber,nicki minaj,2
YouTuber,miss remy ashton,1
YouTuber,alicia marie,1
YouTuber,ninja,5
YouTuber,curtis danny,1
YouTuber,true,1
YouTuber,dixie emilio,1
YouTuber,listen,1
YouTuber,cole sprouse,3
YouTuber,zach,1
YouTuber,taylor swift,1
YouTuber,casey neistat,2
YouTuber,casey,1
YouTuber,harry styles,9
YouTuber,timothy chalamet,1
YouTuber,timothy shall,1
YouTuber,timothy chalmay,1
YouTuber,beyonce,2
YouTuber,drake,1
YouTuber,addison ray,3
YouTuber,mr beast,2
YouTuber,mr b,1
YouTuber,charlie demilio,1
YouTuber,oh rhett,1
YouTuber,link red,1
YouTuber,link,1
YouTuber,justin bieber,2
YouTuber,jason derulo,1
YouTuber,Lincoln Mayo,1
YouTuber,Britney Spears,5
YouTuber,Paracel,1
YouTuber,Dad,3
YouTuber,Jack Sparrow,2
YouTuber,Lady Diana,2
YouTuber,Lauren,1
YouTuber,Loren,1
YouTuber,Elvis Presley,1
YouTuber,Elvis,5
YouTuber,Gumby,4
YouTuber,Chandler,1
YouTuber,Paige,1
YouTuber,Chamberlain,3
YouTuber,van Gogh,1
YouTuber,Dave,1
YouTuber,Shay,1
YouTuber,Stella,1
YouTuber,I Swizz,1
YouTuber,Fitz,1
YouTuber,Tim,2
YouTuber,Olivia,60
YouTuber,Siobhan,1
YouTuber,Gwen Stefani,2
YouTuber,Christina Aguilera,2
YouTuber,Mom mommy,1
YouTuber,Belle,1
YouTuber,Lisa,1
YouTuber,Frankie,13
YouTuber,Jen,1
YouTuber,Louie Vuitton,10
YouTuber,Derek Hosmer,1
YouTuber,Barmes,1
YouTuber,Nikola,1
YouTuber,Mia,1
YouTuber,Tarek,1
YouTuber,Derrick,1
YouTuber,Gaede,1
YouTuber,John Lennon,1
YouTuber,Yoko Ono,1
YouTuber,Leary,1
YouTuber,Loki,3
YouTuber,Fred,4
YouTuber,Ronnie,2
YouTuber,Riley Archie,1
YouTuber,Rico,2
YouTuber,Chester,1
YouTuber,Baby Spice,1
YouTuber,Kitty,2
YouTuber,Martin,1
YouTuber,Jesus Christ,16
YouTuber,James Caird,1
YouTuber,Hank,1
YouTuber,Roxy,1
YouTuber,Branson,1
YouTuber,Rick,2
YouTuber,Dwayne Johnson,2
YouTuber,Elton John,8
YouTuber,Paris Hilton,8
YouTuber,Von Dutch,2
YouTuber,Kylie Jenner,4
YouTuber,Caillou,4
YouTuber,Dwayne the rock,1
YouTuber,jokowi Marty,1
YouTuber,Phil,17
YouTuber,Doc Martens,8
YouTuber,Mac DeMarco,4
YouTuber,Isis,1
YouTuber,Captain,1
YouTuber,Britney,3
YouTuber,Emma Cham B,1
YouTuber,Emma Champy,1
YouTuber,Derek,1
YouTuber,Graham,1
YouTuber,Casey,7
YouTuber,Jacqueline,1
YouTuber,Adler,1
YouTuber,Leigh,1
YouTuber,Amanda,153
YouTuber,aliyev Harding,1
YouTuber,Farrah,1
YouTuber,Murch,1
YouTuber,Anna jaddu,1
YouTuber,Declan Devlin,1
YouTuber,Morgan,1
YouTuber,Alfred Hitchcock,1
YouTuber,Kyle,1
YouTuber,Chitty,1
YouTuber,oliver,1
YouTuber,riley,1
YouTuber,Nate man,1
YouTuber,Ellie Goulding,1
YouTuber,Mickey Mouse,3
YouTuber,Emma Chamberland,1
YouTuber,Niall Aires,1
YouTuber,Sonya,1
YouTuber,Tracey,1
YouTuber,Pope,1
YouTuber,Sookie,1
YouTuber,Billy Sam,1
YouTuber,Erica,1
YouTuber,Thunder,1
YouTuber,Ward,1
YouTuber,Dylan,2
YouTuber,John,1
YouTuber,nice,1
YouTuber,Mandela,6
YouTuber,Sonny,1
YouTuber,Jimmy,3
YouTuber,Flo Rida,1
YouTuber,Matt,2
YouTuber,Mike,2
YouTuber,Handa,1
YouTuber,Jerry,2
YouTuber,Grayson,32
YouTuber,Eggen,1
YouTuber,Dr. Phil,1
YouTuber,Justin Bieber,4
YouTuber,Emma Emma,1
YouTuber,Imma,1
YouTuber,Jeff,1
YouTuber,Emma Emma Emma,2
YouTuber,Mr. Scruffins,1
YouTuber,ASMR,1
YouTuber,Shelby,1
YouTuber,Mom,1
YouTuber,Betty Crocker,1
YouTuber,Hope,1
YouTuber,Napa,6
YouTuber,Queen,3
YouTuber,Geordie Shored,1
YouTuber,patrick church,1
YouTuber,poppy lissiman,1
YouTuber,Taemin,1
YouTuber,Taemin Paula,2
YouTuber,Pauly,1
YouTuber,Josie,5
YouTuber,amandas,3
YouTuber,King George,1
YouTuber,Benin Jerri Larry,1
YouTuber,Lindsay,2
YouTuber,Navis,1
YouTuber,JoJo Siwa,1
YouTuber,JoJo,17
YouTuber,Jojo,4
YouTuber,BowBow Chamberlain,1
YouTuber,David,13
YouTuber,Sally,1
YouTuber,LaBrie,1
YouTuber,Jeffree Star,3
YouTuber,Siri,9
YouTuber,All,2
YouTuber,Lilly,9
YouTuber,Kate,1
YouTuber,Santa,56
YouTuber,grace,7
YouTuber,James,51
YouTuber,Brandi,1
YouTuber,Hamid,1
YouTuber,Assad,1
YouTuber,Jackie,1
YouTuber,Brandis,1
YouTuber,Mia Denny,1
YouTuber,Snape,2
YouTuber,James Sothis,1
YouTuber,Grinch,1
YouTuber,Wow Leavitt,1
YouTuber,Bill Veck,1
YouTuber,Herman Mickey Mouse,1
YouTuber,dr,1
YouTuber,Seuss,1
YouTuber,Grayson James,1
YouTuber,Bousfield,1
YouTuber,Louis,1
YouTuber,Ethan,29
YouTuber,Burt,1
YouTuber,Garry,1
YouTuber,Brown,2
YouTuber,Brian Oh,1
YouTuber,Carmack,2
YouTuber,Amanda Peet,1
YouTuber,Jenin,1
YouTuber,Nate,1
YouTuber,Harry Potter,4
YouTuber,Salvador Dali,1
YouTuber,Bob Ross,1
YouTuber,Libby,1
YouTuber,Matt Williams,1
YouTuber,Isaac,1
YouTuber,boy Pablo,1
YouTuber,honey,1
YouTuber,see Keith,2
YouTuber,Adonis,1
YouTuber,Jelena,1
YouTuber,Shawn,1
YouTuber,Paula Deen,2
YouTuber,Jim,4
YouTuber,olivia jade,1
YouTuber,Jessica JuSt,1
YouTuber,MaTtHeW,1
YouTuber,MAttHeW,1
YouTuber,Jessica,1
YouTuber,jango,1
YouTuber,jonah jango,1
YouTuber,isaiah issac,1
YouTuber,EmMa,1
YouTuber,Iggy azalea,1
YouTuber,bryant,1
YouTuber,Bryant,2
YouTuber,james charles,4
YouTuber,JAMES,3
YouTuber,emmas,4
YouTuber,la roux,2
YouTuber,james emma,1
YouTuber,Gray,1
YouTuber,james',1
YouTuber,Ellie,11
YouTuber,Amy,1
YouTuber,casper,1
YouTuber,OMBRE,2
YouTuber,Grandma,1
YouTuber,Calvin Klein,1
YouTuber,Andre,5
YouTuber,Kalynn Corey,2
YouTuber,Kalynns,4
YouTuber,Kalylnn Corey,1
YouTuber,Kalynn,24
YouTuber,Weston,43
YouTuber,Patrick,1
YouTuber,Andrea,1
YouTuber,Hannah,14
YouTuber,hannah,16
YouTuber,hannah meloche,2
YouTuber,bae,2
YouTuber,ellie,36
YouTuber,loveeeeee,1
YouTuber,jill,1
YouTuber,Kaylnn,1
YouTuber,weston,17
YouTuber,Kayleen,1
YouTuber,Kaelyn,1
YouTuber,kalynn,7
YouTuber,siri,2
YouTuber,Skrillex,1
YouTuber,Bambi,1
YouTuber,Ms,1
YouTuber,Flashback Mary,1
YouTuber,Me,1
YouTuber,severus snape,1
YouTuber,megan fox,1
YouTuber,megan,1
YouTuber,Megan Fox,3
YouTuber,Carly,2
YouTuber,Gillie,2
YouTuber,Sheera,1
YouTuber,Angel,1
YouTuber,Catherine,1
YouTuber,Elle Mills',1
YouTuber,Elle,20
YouTuber,Nelly,1
YouTuber,Patty,2
YouTuber,Elle Mills,2
YouTuber,EMMA CHAMBERLAIN,1
YouTuber,Jake Paul Logan,1
YouTuber,Paul Lele,1
YouTuber,Laurel,2
YouTuber,Yanny,1
YouTuber,Spongebob,2
YouTuber,SpongeBob,1
YouTuber,Jedda,1
YouTuber,Jedi,1
YouTuber,Yoda,1
YouTuber,Vader,1
YouTuber,Darth Vader,1
YouTuber,cardi B,1
YouTuber,Cardi B,1
YouTuber,Bruno Mars,1
YouTuber,Miley Cyrus,3
YouTuber,Hannah Montana,2
YouTuber,Emily Gruber,2
YouTuber,Emily,4
YouTuber,Colleen,1
YouTuber,Sara,4
YouTuber,Casey Neistat,3
YouTuber,Kanye,3
YouTuber,Declan McKenna,1
YouTuber,God Jesus,1
YouTuber,Megan,1
YouTuber,Cailin,1
YouTuber,Kaylynn,1
YouTuber,David Dobrik,7
YouTuber,Cardi B.,1
YouTuber,Mimi,1
YouTuber,Louise,1
YouTuber,Ryan,1
YouTuber,Rex,4
YouTuber,Timothy Shalem,1
YouTuber,Jim Charles,1
YouTuber,Olivia O'Brien,1
YouTuber,Francesca,1
YouTuber,Ali,2
YouTuber,Gabe,1
YouTuber,Harambee,1
YouTuber,Roselia,1
YouTuber,Dodge,1
YouTuber,Jesse Rose,1
YouTuber,Rayna,1
YouTuber,Dote,2
YouTuber,Beyonce,3
YouTuber,Oh,1
YouTuber,Jesus Crist,1
YouTuber,Hanna,3
YouTuber,Ella Bennett,1
YouTuber,Shane Dawson,4
YouTuber,Jake Paul,6
YouTuber,Herman Munster,3
YouTuber,Herman,2
YouTuber,Herbert,1
YouTuber,Liza Koshy,2
YouTuber,Tana mojo,4
YouTuber,Tana,7
YouTuber,jennxpenn,1
YouTuber,IVA,1
YouTuber,Jason Knapp,1
YouTuber,Jason nash,2
YouTuber,Jason,7
YouTuber,Shane,1
YouTuber,david Dover,1
YouTuber,David dobrik,1
YouTuber,jason nash,4
YouTuber,Jason Nash,3
YouTuber,Jeffrey,1
YouTuber,Jeffrey Starr,1
YouTuber,Kardashians,3
YouTuber,Jeffery,2
YouTuber,Buzz Lightyear,1
YouTuber,Kourtney,1
YouTuber,Susan,2
YouTuber,Cody,11
YouTuber,Noel,1
YouTuber,Kelsey,7
YouTuber,Vincent de Paul,1
YouTuber,Jesus Christ Himself,1
YouTuber,I,1
YouTuber,Grandpa,2
YouTuber,My Emma,1
YouTuber,Satan,3
YouTuber,Freelee,1
YouTuber,Fergalicious,1
YouTuber,Animoto,1
YouTuber,Ken,1
YouTuber,Eric,1
YouTuber,Matilda,1
YouTuber,Josh,3
YouTuber,E,1
YouTuber,Niels Niels of Steel,1
YouTuber,Marlon Bush,1
YouTuber,Marla,8
YouTuber,Barrington,1
YouTuber,Chamberlin,1
YouTuber,Wyatt,1
YouTuber,Anna,1
YouTuber,Nick,2
YouTuber,Lucas,1
YouTuber,Drew,1
YouTuber,Enya,1
YouTuber,Drake,1
YouTuber,Jarrod,1
YouTuber,Oprah,1
YouTuber,enya,5
YouTuber,drew,3
YouTuber,jake paulers,1
YouTuber,Marla Catherine,2
YouTuber,summer McKean,1
YouTuber,Jonathan Krab 360,1
YouTuber,Jonathan,1
YouTuber,Broderick,1
YouTuber,Thomas Emma,1
YouTuber,Chrissy,1
YouTuber,Gurjit,1
YouTuber,Dylan Jordan,1
YouTuber,Gary,1
YouTuber,michelangelo,1
YouTuber,Kip,1
YouTuber,Pam,3
YouTuber,Cee Lo Green,1
YouTuber,Wemma,1
YouTuber,Whitney  Houston,1
YouTuber,Guy Fieri,4
YouTuber,Kylie,2
YouTuber,Vanessa Hudgens,2
YouTuber,selena,1
YouTuber,Tiger Woods,1
YouTuber,Ethan Dolan,1
YouTuber,grayson dolan,1
YouTuber,Jack,2
YouTuber,Hoe,1
YouTuber,BAE,2
YouTuber,Bigfoot,9
YouTuber,Biggie,2
YouTuber,Rudolph,1
YouTuber,Oh God,1
YouTuber,Emmas,1
YouTuber,Judas,1
YouTuber,Britta,1
YouTuber,Elon Musk,1
YouTuber,Parker,1
YouTuber,Emma Chambie,3
YouTuber,Billy Eilish,2
YouTuber,Barla Catherine,1
YouTuber,Walters,1
YouTuber,Tompa,1
YouTuber,Brenda,1
YouTuber,Lord,3
YouTuber,Bon Jovi,1
YouTuber,Enema,1
YouTuber,Miss,1
YouTuber,Beyoncé,1
YouTuber,dolan,1
YouTuber,Sant,1
YouTuber,JLo,1
YouTuber,Jay-Z.,2
YouTuber,Jay-Z,1
YouTuber,Laura Mercier,1
YouTuber,James Charles Stan,1
YouTuber,Momma Chamberlain,1
YouTuber,Debbie,1
YouTuber,Heffley,1
YouTuber,Frannie,1
YouTuber,Pauly D.,1
YouTuber,Vinny,1
YouTuber,Cody Ko,1
YouTuber,lil pump,4
YouTuber,lil xan,1
YouTuber,jazzy Gazi Garcia,1
YouTuber,lil moop,1
YouTuber,Mami Moop,1
YouTuber,Popo,1
YouTuber,Holmes,1
YouTuber,sweet,1
YouTuber,William Sonoma,1
YouTuber,Martha Stewart,1
YouTuber,Judy Odom,1
YouTuber,Susie,1
YouTuber,Lexie,3
YouTuber,Sandra,5
YouTuber,Rachael Ray,1
YouTuber,Gordon,1
YouTuber,Nicole,2
YouTuber,Lydia,3
YouTuber,andrea andrea andrea,1
YouTuber,Bae,1
YouTuber,Henry Lynn,1
YouTuber,Ellen,5
YouTuber,Sylvie,2
YouTuber,Polina,1
YouTuber,Bobby,1
YouTuber,Grace,6
YouTuber,Jay thieves,1
YouTuber,Juna,1
YouTuber,Frelee the banana girl,1
YouTuber,Michael Buble,2
YouTuber,Sunny D,1
YouTuber,Lady Gaga,2
YouTuber,Lady gaga,1
YouTuber,Cole Sprouse,5
YouTuber,Jake,1
YouTuber,Logan,1
YouTuber,Giddens,1
YouTuber,Rose,1
YouTuber,Flat Stanley,1
YouTuber,Chris Brown,1
YouTuber,JK,1
YouTuber,Melis,1
YouTuber,Annie,1
YouTuber,EmmaChambie,1
YouTuber,Jughead,1
YouTuber,Kailyn,2
YouTuber,Dolan,1
YouTuber,Keira,3
YouTuber,Blanks,1
YouTuber,Slyly,1
YouTuber,slash crush,1
YouTuber,christopher,1
YouTuber,Postman,2
YouTuber,Good Marni,1
YouTuber,Eber,1
YouTuber,Mother Nature,1
YouTuber,Mario Badescu,1
YouTuber,Mario,1
YouTuber,Kody,1
YouTuber,Amelia,2
YouTuber,Rowan,1
YouTuber,Sophia,1
YouTuber,pin,1
YouTuber,pin Lord,1
YouTuber,Reem,18
YouTuber,lily,3
YouTuber,Lily Maria,1
YouTuber,Jacob,1
YouTuber,Asher,2
YouTuber,Goteem,1
YouTuber,Oliver,1
YouTuber,Ralph lauren,1
YouTuber,Jeff Boyardee,1
YouTuber,Chef Boyardee,1
YouTuber,Rheem,2
YouTuber,Holzman,1
YouTuber,Lily Reve,1
YouTuber,Johnny,1
YouTuber,Merch Lincoln,1
YouTuber,Michaels,1
YouTuber,Axl,1
YouTuber,Ariel Lily,1
YouTuber,Ariel,1
YouTuber,JC,1
YouTuber,Steve Jobs,1
YouTuber,Lilly Wolfe Photography,1
YouTuber,Ream,5
YouTuber,Raymond,1
YouTuber,Isabella,2
YouTuber,Kim Kardashian,3
YouTuber,Mallya Dick,1
YouTuber,Sammy,2
YouTuber,Taylor Swift,1
YouTuber,Zac Efron,2
YouTuber,Efron,2
YouTuber,Edward Cullen,1
YouTuber,Martinez Rose,1
YouTuber,Sarah,1
YouTuber,Frisco,1
YouTuber,Merch Frick,1
YouTuber,Tame Impala,1
YouTuber,Buddy,1
YouTuber,Goldfish,1
YouTuber,Marcus Ethan,1
YouTuber,Gordon Ramsay,1
YouTuber,Bobby Flay,1
YouTuber,Barbara lover,1
YouTuber,Emma Chamberlin,1
YouTuber,Michelle Rosen Michael,1
YouTuber,Dr. Pimple Popper,1
YouTuber,Miranda Sings,1
YouTuber,reem,4
YouTuber,reems,2
YouTuber,reme,1
YouTuber,Reme,1
YouTuber,I'ma,1
YouTuber,beats,1
YouTuber,Jake-JAke-JAKE Paul,1
YouTuber,Kevin,4
YouTuber,Stacy DC,1
YouTuber,Barack Obama,1
YouTuber,Han,2
YouTuber,Carlina,1
YouTuber,Jackson,1
YouTuber,Lisa Frank,2
YouTuber,Philz,1
YouTuber,Jillian,1
YouTuber,jillian,2
YouTuber,Russell,1
YouTuber,Maggie,1
YouTuber,Joey,1
YouTuber,Ice,1
YouTuber,Michael,1
YouTuber,Nick Lang,1
YouTuber,Cody tell hilarious,1
YouTuber,Chinna Mojo,1
YouTuber,Dwight,1
YouTuber,Maxon,1
YouTuber,og man con,1
YouTuber,nash grier,1
YouTuber,Cameron dalas,1
YouTuber,Nash,4
YouTuber,hayes grier,1
YouTuber,haze,1
YouTuber,Camryn,1
YouTuber,Cameron,1
YouTuber,matt khan,1
YouTuber,Matt Khan,1
YouTuber,noah cyrus,2
YouTuber,miley cyrus,1
YouTuber,Noah Cyrus,1
YouTuber,Noah cyrus,1
YouTuber,Frickin,1
YouTuber,fred,2
YouTuber,Reese,1
YouTuber,Lindsay Lohan,1
YouTuber,Emma Francis Chamberlain,1
YouTuber,Francis,1
YouTuber,Doris Day,1
YouTuber,Bobby Vinton,1
YouTuber,Matt Demarco,1
YouTuber,Matt Marco,1
YouTuber,Casey nice,1
YouTuber,KC,1
YouTuber,Olivia Jade,1
YouTuber,Mel Joy,1
YouTuber,Haley sany sany sany,1
YouTuber,mail Fanny,1
YouTuber,Sidney Carlton,1
YouTuber,Sienna Mirabela,1
YouTuber,Callie Kaiser,1
YouTuber,Jennxpenn,1
YouTuber,Aspen,1
YouTuber,Hugh,1
YouTuber,CSUN,1
YouTuber,Brandy,2
